genero_musical;comida_favorita;filme_favorito;esporte_favorito;time;religiao;tem_filhos;idade;destino
3;0;3;0;3;0;1;27;Restaurante
1;0;1;0;1;0;1;42;Restaurante
7;0;5;0;1;0;1;42;Restaurante
7;0;5;0;1;0;1;42;Shopping
1;0;7;0;0;0;1;41;Restaurante
7;0;7;0;1;0;1;41;Restaurante
0;0;6;0;1;0;1;40;Restaurante
1;0;1;0;3;0;1;38;Cinema
1;0;1;0;1;0;0;32;Shopping
7;0;2;0;1;0;0;19;Cinema
7;0;2;0;1;0;0;19;Restaurante
7;0;2;0;1;0;0;19;Parque
7;0;2;0;1;0;0;19;Shopping
7;0;2;0;1;0;0;19;Museu
7;0;2;0;1;0;0;19;Jogos
7;0;2;0;1;0;0;19;Teatro
2;0;7;0;3;0;0;19;Cinema
2;0;7;0;3;0;0;19;Restaurante
2;0;7;0;3;0;0;19;Parque
2;0;7;0;3;0;0;19;Shopping
2;0;7;0;3;0;0;19;Biblioteca
2;0;7;0;3;0;0;19;Jogos
2;0;7;0;3;0;0;19;Bar
2;0;7;0;3;0;0;19;Cinema
2;0;7;0;3;0;0;19;Restaurante
2;0;7;0;3;0;0;19;Parque
2;0;7;0;3;0;0;19;Shopping
2;0;7;0;3;0;0;19;Biblioteca
2;0;7;0;3;0;0;19;Jogos
2;0;7;0;3;0;0;19;Bar
0;0;1;0;1;0;1;27;Bar
0;0;1;0;1;0;1;27;OUTROS
1;0;7;0;1;0;1;43;OUTROS
0;0;1;0;5;0;1;42;Bar
0;0;3;0;4;0;1;39;Biblioteca
7;0;6;0;0;0;0;35;Cinema
7;0;6;0;0;0;0;35;Restaurante
7;0;6;0;0;0;0;35;Shopping
7;0;6;0;0;0;0;35;Show
7;0;6;0;0;0;0;35;Estádio
7;0;6;0;0;0;0;35;Bar
0;0;7;0;4;0;0;21;Cinema
0;0;7;0;4;0;0;21;Restaurante
0;0;7;0;4;0;0;21;Shopping
0;0;7;0;4;0;0;21;Jogos
7;0;7;0;0;0;0;23;Restaurante
7;0;7;0;0;0;0;23;Parque
7;0;7;0;0;0;0;23;Shopping
7;0;7;0;0;0;0;23;Biblioteca
7;0;7;0;0;0;0;23;Teatro
0;0;1;0;5;0;1;38;Cinema
0;0;1;0;5;0;1;38;Shopping
0;0;1;0;5;0;1;38;Estádio
6;0;6;0;3;0;0;28;Cinema
6;0;6;0;3;0;0;28;Restaurante
6;0;6;0;3;0;0;28;Parque
6;0;6;0;3;0;0;28;Shopping
0;0;1;0;0;0;0;28;Cinema
6;0;2;0;4;0;0;21;Restaurante
4;0;1;0;5;0;0;21;Cinema
4;0;1;0;5;0;0;21;Restaurante
4;0;1;0;5;0;0;21;Shopping
1;0;2;0;3;0;0;28;Bar
0;0;7;0;2;0;0;30;Cinema
0;0;7;0;2;0;0;30;Restaurante
0;0;7;0;2;0;0;30;Museu
3;0;3;0;5;0;0;22;Restaurante
0;0;2;0;1;0;0;27;Cinema
0;0;2;0;1;0;0;27;Restaurante
0;0;2;0;1;0;0;27;Parque
0;0;2;0;1;0;0;27;Shopping
7;0;8;0;5;0;0;23;Cinema
7;0;8;0;5;0;0;23;Restaurante
7;0;8;0;5;0;0;23;Parque
7;0;8;0;5;0;0;23;Shopping
7;0;8;0;5;0;0;23;Show
7;0;8;0;5;0;0;23;Estádio
7;0;8;0;5;0;0;23;Jogos
0;0;1;0;1;0;1;57;Shopping
6;0;1;0;1;0;0;22;Restaurante
3;4;2;0;0;0;1;27;Shopping
0;1;1;0;3;0;1;53;Parque
1;5;5;0;3;0;1;50;Restaurante
1;5;5;0;3;0;1;50;Shopping
1;5;5;0;3;0;1;50;Teatro
1;5;5;0;3;0;1;50;Bar
1;5;2;0;1;0;1;45;Restaurante
0;4;0;0;1;0;1;41;Bar
3;1;5;0;5;0;0;38;Restaurante
3;1;5;0;5;0;0;38;Parque
3;1;5;0;5;0;0;38;Show
3;1;5;0;5;0;0;38;Teatro
3;1;5;0;5;0;0;38;Bar
3;1;5;0;5;0;0;38;Restaurante
3;1;5;0;5;0;0;38;Parque
3;1;5;0;5;0;0;38;Show
3;1;5;0;5;0;0;38;Teatro
3;1;5;0;5;0;0;38;Bar
3;1;5;0;5;0;0;38;Restaurante
3;1;5;0;5;0;0;38;Parque
3;1;5;0;5;0;0;38;Show
3;1;5;0;5;0;0;38;Teatro
3;1;5;0;5;0;0;38;Bar
1;1;7;0;3;0;0;32;Restaurante
1;1;7;0;3;0;0;32;Parque
1;1;7;0;3;0;0;32;Shopping
1;1;7;0;3;0;0;32;Museu
1;1;7;0;3;0;0;32;Biblioteca
1;1;7;0;3;0;0;32;Bar
3;4;4;0;2;0;0;28;Restaurante
3;4;4;0;2;0;0;28;Parque
3;4;4;0;2;0;0;28;Show
3;4;4;0;2;0;0;28;Bar
1;1;2;0;1;0;0;23;Cinema
1;1;2;0;1;0;0;23;Estádio
1;1;2;0;1;0;0;23;Jogos
3;1;3;0;4;0;0;23;Museu
6;4;1;0;1;0;0;23;Cinema
6;4;1;0;1;0;0;23;Restaurante
6;4;1;0;1;0;0;23;Parque
6;4;1;0;1;0;0;23;Shopping
6;4;1;0;1;0;0;23;Estádio
6;4;1;0;1;0;0;23;Jogos
0;3;2;0;0;0;0;23;Restaurante
5;3;7;0;1;0;0;20;Cinema
5;3;7;0;1;0;0;20;Restaurante
5;3;7;0;1;0;0;20;Parque
5;3;7;0;1;0;0;20;Shopping
5;3;7;0;1;0;0;20;Jogos
4;1;2;0;5;0;0;17;Shopping
4;5;6;0;0;0;0;17;Cinema
4;5;6;0;0;0;0;17;Parque
4;5;6;0;0;0;0;17;Shopping
4;5;6;0;0;0;0;17;Show
4;5;6;0;0;0;0;17;Jogos
4;5;6;0;0;0;0;17;Teatro
0;1;3;0;1;0;0;17;Restaurante
0;1;3;0;1;0;0;17;Parque
0;1;3;0;1;0;0;17;Museu
0;1;3;0;1;0;0;17;Biblioteca
0;1;3;0;1;0;0;17;Teatro
6;1;1;0;2;0;0;27;Parque
4;4;4;0;1;0;0;27;Cinema
4;4;4;0;1;0;0;27;Restaurante
4;4;4;0;1;0;0;27;Parque
4;4;4;0;1;0;0;27;Show
4;4;4;0;1;0;0;27;Museu
4;4;4;0;1;0;0;27;Estádio
4;4;4;0;1;0;0;27;Teatro
4;4;4;0;1;0;0;27;Bar
7;6;8;0;5;0;0;28;Cinema
4;1;4;0;3;0;0;15;Shopping
6;5;1;0;2;0;0;35;Estádio
2;1;4;0;4;0;1;39;Jogos
0;1;0;0;1;0;0;17;Cinema
0;1;0;0;1;0;0;17;Parque
0;1;0;0;1;0;0;17;Jogos
7;1;8;0;3;0;1;39;Bar
0;3;8;0;1;0;0;25;Cinema
0;3;8;0;1;0;0;25;Restaurante
0;3;8;0;1;0;0;25;Shopping
0;3;8;0;1;0;0;25;Museu
4;1;7;0;5;0;1;52;Restaurante
0;5;5;0;1;0;1;33;Cinema
0;5;5;0;1;0;1;33;Restaurante
0;5;5;0;1;0;1;33;Parque
0;6;7;0;5;0;0;25;Cinema
0;6;7;0;5;0;0;25;Restaurante
0;6;7;0;5;0;0;25;Parque
0;6;7;0;5;0;0;25;Shopping
0;6;7;0;5;0;0;25;Show
0;6;7;0;5;0;0;25;Biblioteca
0;6;7;0;5;0;0;25;Estádio
0;6;7;0;5;0;0;25;Jogos
0;6;7;0;5;0;0;25;Bar
3;1;1;0;5;0;0;21;Cinema
0;5;1;0;4;0;1;28;Restaurante
7;4;2;0;1;0;0;23;Cinema
7;4;2;0;1;0;0;23;Restaurante
7;4;2;0;1;0;0;23;Parque
7;4;2;0;1;0;0;23;Shopping
7;4;2;0;1;0;0;23;Estádio
7;4;2;0;1;0;0;23;Jogos
4;3;5;0;3;0;0;19;Cinema
4;3;5;0;3;0;0;19;Shopping
4;3;5;0;3;0;0;19;Show
4;3;5;0;3;0;0;19;Teatro
1;4;1;0;1;0;0;28;Cinema
1;4;1;0;1;0;0;28;Restaurante
1;4;1;0;1;0;0;28;Shopping
1;4;1;0;1;0;0;28;Show
1;4;1;0;1;0;0;28;Museu
1;4;1;0;1;0;0;28;Estádio
1;4;1;0;1;0;0;28;Jogos
1;4;1;0;1;0;0;28;Teatro
1;4;1;0;1;0;0;28;Bar
4;1;1;0;1;0;1;56;Shopping
7;1;3;2;1;0;1;50;Cinema
7;1;3;2;1;0;1;50;Restaurante
7;1;3;2;1;0;1;50;Parque
7;1;3;2;1;0;1;50;Shopping
7;1;3;2;1;0;1;50;Show
7;1;3;2;1;0;1;50;Museu
7;1;3;2;1;0;1;50;Biblioteca
7;1;3;2;1;0;1;50;Estádio
7;1;3;2;1;0;1;50;Jogos
7;1;3;2;1;0;1;50;Teatro
7;1;3;2;1;0;1;50;Bar
4;1;2;7;3;0;1;46;Parque
1;5;3;2;1;0;1;46;Restaurante
7;4;3;4;1;0;1;44;Restaurante
1;0;0;7;3;0;1;43;Cinema
1;0;0;7;3;0;1;43;Restaurante
1;0;0;7;3;0;1;43;Parque
1;0;0;7;3;0;1;43;Shopping
3;4;5;2;1;0;1;42;Restaurante
3;4;5;2;1;0;1;42;Parque
1;6;3;4;0;0;1;41;Cinema
1;6;3;4;0;0;1;41;Restaurante
1;6;3;4;0;0;1;41;Show
1;6;3;4;0;0;1;41;Teatro
1;0;7;2;1;0;1;41;Parque
1;4;7;4;1;0;1;41;Parque
1;1;0;7;3;0;1;41;Parque
1;1;0;7;3;0;1;41;Teatro
1;1;0;7;3;0;1;41;OUTROS
1;1;4;2;3;0;1;40;Show
1;1;3;2;1;0;1;36;Restaurante
1;1;3;2;1;0;1;36;Parque
1;1;3;2;1;0;1;36;Shopping
1;1;3;2;1;0;1;36;Restaurante
1;1;3;2;1;0;1;36;Parque
1;1;3;2;1;0;1;36;Shopping
4;1;3;2;3;0;1;36;Parque
3;1;3;2;0;0;1;35;Shopping
1;1;7;7;1;0;0;35;Restaurante
3;2;6;4;5;0;0;34;OUTROS
3;3;3;2;3;0;0;30;Restaurante
1;0;3;2;1;0;1;29;Cinema
6;0;1;1;0;0;0;23;Estádio
6;0;1;1;0;0;0;23;Shopping
6;0;5;1;1;0;0;21;Cinema
6;0;5;1;1;0;0;21;Restaurante
6;0;5;1;1;0;0;21;Parque
6;0;5;1;1;0;0;21;Shopping
6;0;5;1;1;0;0;21;Jogos
7;0;3;7;1;0;0;19;Parque
7;0;3;7;1;0;0;19;Parque
5;1;3;7;3;0;0;18;Shopping
5;1;3;7;3;0;0;18;Shopping
5;1;3;7;3;0;0;18;Shopping
4;4;1;7;3;0;0;16;Cinema
4;4;1;7;3;0;0;16;Restaurante
4;4;1;7;3;0;0;16;Parque
4;4;1;7;3;0;0;16;Shopping
4;4;1;7;3;0;0;16;Jogos
1;0;1;2;1;0;0;16;Cinema
3;1;3;2;2;0;1;27;Parque
4;3;4;2;1;0;0;19;Cinema
4;3;4;2;1;0;0;19;Restaurante
4;3;4;2;1;0;0;19;Parque
4;3;4;2;1;0;0;19;Shopping
4;3;4;2;1;0;0;19;Show
4;3;4;2;1;0;0;19;Museu
4;3;4;2;1;0;0;19;Biblioteca
4;3;4;2;1;0;0;19;Jogos
4;3;4;2;1;0;0;19;Teatro
7;1;2;3;5;0;0;24;Cinema
7;1;2;3;5;0;0;24;Restaurante
7;1;2;3;5;0;0;24;Parque
7;1;2;3;5;0;0;24;Shopping
1;5;6;2;3;0;1;36;Restaurante
1;5;6;2;3;0;1;36;Parque
1;5;6;2;3;0;1;36;Shopping
1;0;1;4;5;0;0;25;Bar
3;1;1;1;1;0;0;28;Parque
3;4;7;1;0;0;0;22;Cinema
3;4;7;1;0;0;0;22;Restaurante
3;4;7;1;0;0;0;22;Shopping
3;4;7;1;0;0;0;22;Jogos
3;4;7;1;0;0;0;22;Teatro
3;4;7;1;0;0;0;22;Bar
7;5;8;7;5;0;0;16;Jogos
4;0;6;2;3;0;0;23;Restaurante
4;0;6;2;3;0;0;23;Parque
4;0;6;2;3;0;0;23;Museu
4;0;1;1;0;0;0;18;Cinema
4;0;1;1;0;0;0;18;Restaurante
4;0;1;1;0;0;0;18;Shopping
7;1;0;2;5;0;0;25;Bar
1;0;2;7;1;0;1;31;Restaurante
1;0;2;7;1;0;1;31;Shopping
1;0;2;7;1;0;1;31;Bar
6;4;1;1;5;0;0;26;Cinema
6;4;1;1;5;0;0;26;Shopping
6;4;1;1;5;0;0;26;Show
6;4;1;1;5;0;0;26;Jogos
3;1;3;2;0;0;1;35;Shopping
0;0;1;4;0;0;1;52;Restaurante
0;1;2;2;1;0;1;45;Bar
0;0;3;2;3;0;1;37;Cinema
0;0;3;2;3;0;1;37;Restaurante
0;0;3;2;3;0;1;37;Parque
0;0;3;2;3;0;1;37;Shopping
0;0;3;2;3;0;1;37;Show
0;0;3;2;3;0;1;37;Museu
0;0;3;2;3;0;1;37;Biblioteca
0;0;3;2;3;0;1;37;Estádio
0;0;3;2;3;0;1;37;Jogos
0;0;3;2;3;0;1;37;Teatro
0;1;0;1;2;0;0;37;Bar
0;1;0;1;2;0;0;37;Bar
0;0;1;1;2;0;0;36;Parque
0;0;1;2;1;0;1;36;Restaurante
0;2;0;1;0;0;0;23;Parque
0;0;0;1;0;0;1;22;Restaurante
0;0;0;1;0;0;1;22;Shopping
0;0;0;1;0;0;1;22;Museu
0;5;0;4;1;0;0;18;Cinema
0;5;0;4;1;0;0;18;Parque
0;5;0;4;1;0;0;18;Show
0;5;0;4;1;0;0;18;Museu
0;5;0;4;1;0;0;18;Teatro
0;5;3;2;3;0;1;27;Cinema
0;5;3;2;3;0;1;27;Restaurante
0;5;3;2;3;0;1;27;Parque
0;5;3;2;3;0;1;27;Shopping
0;5;3;2;3;0;1;27;Show
0;5;3;2;3;0;1;27;Bar
0;2;7;7;2;0;1;27;Parque
0;3;7;1;3;0;1;27;Shopping
0;5;8;4;3;0;0;19;Cinema
0;5;8;4;3;0;0;19;Restaurante
0;5;8;4;3;0;0;19;Shopping
0;5;8;4;3;0;0;19;Jogos
0;1;1;7;5;0;1;35;Cinema
0;1;1;4;5;0;1;42;Restaurante
0;1;1;4;5;0;1;42;Parque
0;1;1;4;5;0;1;42;Shopping
0;1;1;4;5;0;1;42;Bar
0;0;7;7;2;0;0;27;Cinema
0;0;7;7;2;0;0;27;Restaurante
0;0;7;7;2;0;0;27;Shopping
0;0;7;7;3;0;1;43;Restaurante
0;0;7;7;3;0;1;43;Parque
0;0;7;7;3;0;1;43;Shopping
0;0;7;7;3;0;1;43;Jogos
0;3;7;7;1;0;0;21;Restaurante
0;0;0;2;5;0;0;24;Cinema
0;0;0;2;5;0;0;24;Parque
0;0;0;2;5;0;0;24;Shopping
0;0;0;2;5;0;0;24;Jogos
0;5;1;7;5;0;0;22;Restaurante
0;5;1;7;5;0;0;22;Parque
0;5;1;7;5;0;0;22;Show
0;5;1;7;5;0;0;22;Jogos
0;4;8;2;3;0;0;18;Shopping
0;2;5;1;3;0;0;23;Cinema
0;2;5;1;3;0;0;23;Restaurante
0;2;5;1;3;0;0;23;Parque
0;2;5;1;3;0;0;23;Shopping
0;2;5;1;3;0;0;23;Show
0;2;5;1;3;0;0;23;Museu
0;2;5;1;3;0;0;23;Biblioteca
0;2;5;1;3;0;0;23;Jogos
0;2;5;1;3;0;0;23;Teatro
0;3;1;1;3;0;0;14;Shopping
0;4;5;2;4;0;1;41;Cinema
0;4;5;2;4;0;1;41;Restaurante
0;4;5;2;4;0;1;41;Parque
0;4;5;2;4;0;1;41;Shopping
0;4;5;2;4;0;1;41;Museu
0;4;5;2;4;0;1;41;Biblioteca
0;4;5;2;4;0;1;41;Jogos
0;4;5;2;4;0;1;41;Teatro
0;4;1;7;4;0;0;34;Cinema
0;4;1;7;4;0;0;34;Restaurante
0;4;1;7;4;0;0;34;Parque
0;4;1;7;4;0;0;34;Shopping
0;4;1;7;4;0;0;34;Show
0;4;1;7;4;0;0;34;Bar
0;4;8;2;4;0;0;28;Cinema
0;4;8;2;4;0;0;28;Restaurante
0;4;8;2;4;0;0;28;Parque
0;4;8;2;4;0;0;28;Shopping
0;4;8;2;4;0;0;28;Museu
0;4;8;2;4;0;0;28;Biblioteca
0;4;8;2;4;0;0;28;Jogos
0;4;8;2;4;0;0;28;OUTROS
0;4;0;2;4;0;0;21;Cinema
0;4;0;2;4;0;0;21;Restaurante
0;4;0;2;4;0;0;21;Parque
0;4;0;2;4;0;0;21;Shopping
0;4;0;2;4;0;0;21;Museu
0;4;0;2;4;0;0;21;Teatro
0;5;0;4;4;0;0;43;Restaurante
0;5;0;4;4;0;0;43;Parque
0;5;0;4;4;0;0;43;Biblioteca
0;5;0;4;4;0;0;43;Bar
0;0;6;1;4;0;0;18;Cinema
0;0;6;1;4;0;0;18;Shopping
0;0;6;1;4;0;0;18;Museu
0;0;6;1;4;0;0;18;Biblioteca
0;0;5;7;4;0;0;31;Cinema
0;0;5;7;4;0;0;31;Restaurante
0;0;5;7;4;0;0;31;Shopping
0;0;1;7;4;0;0;29;Restaurante
0;0;1;7;4;0;0;29;Parque
0;0;1;7;4;0;0;29;Bar
0;0;1;7;4;0;0;29;OUTROS
0;5;7;7;4;0;0;22;Parque
0;5;7;7;4;0;0;22;Show
0;5;7;7;4;0;0;22;Jogos
0;5;0;7;4;0;0;18;Cinema
0;5;0;7;4;0;0;18;Parque
0;0;6;7;4;0;0;34;Cinema
0;0;6;7;4;0;0;34;Shopping
0;0;6;7;4;0;0;34;Biblioteca
0;0;6;7;4;0;0;34;Jogos
0;0;2;2;4;0;1;38;Cinema
0;0;2;2;4;0;1;38;Restaurante
0;0;2;2;4;0;1;38;Parque
0;0;2;2;4;0;1;38;Shopping
0;0;2;2;4;0;1;38;Show
0;0;2;2;4;0;1;38;Museu
0;0;2;2;4;0;1;38;Biblioteca
0;0;2;2;4;0;1;38;Jogos
0;0;2;2;4;0;1;38;Teatro
0;0;2;2;4;0;1;38;Bar
0;3;0;4;4;0;0;25;Restaurante
0;3;2;4;4;0;0;19;Cinema
0;1;8;7;4;0;1;44;Restaurante
0;1;8;7;4;0;1;44;Parque
0;1;8;7;4;0;1;44;Shopping
0;1;8;7;4;0;1;44;OUTROS
0;0;1;4;4;0;1;32;Restaurante
0;0;1;4;4;0;1;32;Show
7;1;7;4;4;0;1;21;Restaurante
7;1;7;4;4;0;1;21;Parque
7;1;7;4;4;0;1;21;Shopping
3;2;3;2;4;0;1;52;Parque
7;1;2;7;4;0;1;47;OUTROS
7;1;2;7;4;0;1;47;OUTROS
4;4;5;7;4;0;1;47;Cinema
4;4;5;7;4;0;1;47;Restaurante
4;4;5;7;4;0;1;47;Parque
4;4;5;7;4;0;1;47;Show
4;4;5;7;4;0;1;47;Teatro
4;4;5;7;4;0;1;47;Bar
4;1;4;2;4;0;1;44;Cinema
1;5;7;2;4;0;1;44;Restaurante
4;0;5;3;4;0;1;41;Restaurante
3;1;7;2;4;0;1;41;Parque
7;1;3;2;4;0;1;40;Cinema
1;0;1;2;4;0;1;39;Cinema
3;1;7;3;4;0;1;38;Restaurante
3;1;7;3;4;0;1;38;Parque
3;1;7;3;4;0;1;38;Shopping
3;1;7;3;4;0;1;38;OUTROS
7;1;4;2;4;0;1;35;Shopping
4;1;3;7;4;0;1;35;Cinema
4;1;3;7;4;0;1;35;Restaurante
4;1;3;7;4;0;1;35;Parque
3;3;5;7;4;0;0;35;Restaurante
3;3;5;7;4;0;0;35;Parque
3;3;5;7;4;0;0;35;Shopping
3;3;5;7;4;0;0;35;Teatro
4;4;7;1;4;0;0;25;Parque
4;0;0;7;4;0;1;23;Parque
1;1;7;2;4;0;0;16;Restaurante
1;1;7;2;4;0;0;16;Parque
1;1;7;2;4;0;0;16;Shopping
1;1;7;2;4;0;0;16;Museu
1;1;7;2;4;0;0;16;Teatro
4;1;5;2;4;0;0;15;Cinema
4;1;5;2;4;0;0;15;Restaurante
4;1;5;2;4;0;0;15;Jogos
7;1;4;4;4;0;0;23;Parque
7;1;0;4;4;0;0;29;Parque
7;1;0;4;4;0;0;29;Museu
7;1;0;4;4;0;0;29;Biblioteca
7;1;0;4;4;0;0;29;Jogos
4;1;5;2;4;0;0;30;Cinema
4;1;5;2;4;0;0;30;Restaurante
4;1;5;2;4;0;0;30;Shopping
4;1;5;2;4;0;0;30;Biblioteca
4;1;5;2;4;0;0;30;Bar
3;0;2;7;4;0;0;26;Cinema
3;0;2;7;4;0;0;26;Restaurante
3;0;2;7;4;0;0;26;Parque
3;0;2;7;4;0;0;26;Shopping
3;0;2;7;4;0;0;26;Biblioteca
3;0;2;7;4;0;0;26;Teatro
3;0;2;7;4;0;0;26;Bar
2;1;2;4;4;0;0;29;Biblioteca
3;0;2;2;4;0;0;20;Jogos
7;1;2;7;4;0;0;24;Biblioteca
7;1;2;7;4;0;0;24;Teatro
6;5;4;7;4;0;0;13;OUTROS
4;3;4;2;4;0;0;28;Cinema
4;3;4;2;4;0;0;28;Restaurante
7;0;1;4;4;0;0;20;Restaurante
4;0;6;1;4;0;0;22;Cinema
4;0;6;1;4;0;0;22;Restaurante
4;0;6;1;4;0;0;22;Parque
4;0;6;1;4;0;0;22;Shopping
4;0;6;1;4;0;0;22;Museu
4;0;6;1;4;0;0;22;Biblioteca
4;0;6;1;4;0;0;22;Teatro
7;2;3;7;4;0;1;50;OUTROS
3;1;0;7;4;5;1;38;Cinema
3;1;0;7;4;5;1;38;Restaurante
3;1;0;7;4;5;1;38;Parque
3;1;0;7;4;5;1;38;Teatro
7;5;1;4;4;5;1;38;Shopping
0;0;1;7;4;5;0;23;Cinema
0;0;1;7;4;5;0;23;Parque
0;0;1;7;4;5;0;23;Museu
0;0;1;7;4;5;0;23;Jogos
4;2;3;7;4;5;0;20;Cinema
4;2;3;7;4;5;0;20;Restaurante
4;2;3;7;4;5;0;20;Bar
7;1;5;2;4;5;0;18;Cinema
7;1;5;2;4;5;0;18;Parque
7;1;5;2;4;5;0;18;Shopping
7;1;5;2;4;5;0;18;Show
7;1;5;2;4;5;0;18;Museu
7;1;5;2;4;5;0;18;Biblioteca
7;1;5;2;4;5;0;18;Jogos
7;1;5;2;4;5;0;18;Teatro
0;4;5;4;4;5;0;18;Restaurante
0;4;5;4;4;5;0;18;Parque
0;4;5;4;4;5;0;18;Biblioteca
0;4;5;4;4;5;0;18;Bar
1;3;1;7;4;5;0;17;Restaurante
0;1;3;0;4;5;0;42;Cinema
0;1;3;0;4;5;0;42;Shopping
0;1;3;0;4;5;0;42;Museu
0;1;3;0;4;5;0;42;Estádio
0;1;3;0;4;5;0;42;Jogos
7;0;5;7;4;5;1;28;Restaurante
0;1;1;4;4;5;0;25;Cinema
0;1;1;4;4;5;0;25;Bar
0;0;2;4;4;5;0;21;Parque
0;0;2;7;4;5;1;23;Cinema
0;0;2;7;4;5;1;23;Parque
0;0;5;7;4;5;1;35;Cinema
0;0;5;7;4;5;1;35;Restaurante
0;0;5;7;4;5;1;35;Show
0;0;5;7;4;5;1;35;Bar
5;3;1;4;4;5;0;25;Cinema
7;4;4;4;4;5;0;16;Shopping
0;1;0;7;4;5;0;20;Restaurante
0;1;0;7;4;5;0;20;Parque
0;1;0;7;4;5;0;20;Museu
0;1;0;7;4;5;0;20;Biblioteca
0;0;0;3;4;5;0;21;Shopping
0;0;0;3;4;5;0;21;Jogos
6;3;7;1;4;5;0;23;Cinema
6;3;7;1;4;5;0;23;Restaurante
6;3;7;1;4;5;0;23;Parque
6;3;7;1;4;5;0;23;Shopping
6;3;7;1;4;5;0;23;Jogos
7;4;1;0;4;5;0;39;Cinema
7;4;1;0;4;5;0;39;Restaurante
7;4;1;0;4;5;0;39;Show
7;4;1;0;4;5;0;39;Museu
7;4;1;0;4;5;0;39;Teatro
7;4;1;0;4;5;0;39;Bar
7;0;4;7;4;5;0;23;Cinema
7;0;4;7;4;5;0;23;Restaurante
7;0;4;7;4;5;0;23;Parque
7;0;4;7;4;5;0;23;Shopping
7;0;4;7;4;5;0;23;Bar
1;0;8;7;4;5;0;28;Cinema
1;0;8;7;4;5;0;28;Restaurante
1;0;8;7;4;5;0;28;Parque
1;0;8;7;4;5;0;28;Shopping
1;0;8;7;4;5;0;28;Show
1;0;8;7;4;5;0;28;Museu
1;0;8;7;4;5;0;28;Biblioteca
1;0;8;7;4;5;0;28;Estádio
1;0;8;7;4;5;0;28;Jogos
1;0;8;7;4;5;0;28;Teatro
1;0;8;7;4;5;0;28;Bar
0;5;5;7;4;5;0;31;Cinema
0;5;5;7;4;5;0;31;Restaurante
0;5;5;7;4;5;0;31;Parque
0;5;5;7;4;5;0;31;Shopping
0;5;5;7;4;5;0;31;Museu
0;5;5;7;4;5;0;31;Jogos
0;0;4;4;4;5;0;21;Jogos
1;1;1;2;4;5;0;24;Cinema
1;1;1;2;4;5;0;24;Parque
1;1;1;2;4;5;0;24;Shopping
1;1;1;2;4;5;0;24;Jogos
1;1;1;2;4;5;0;24;Bar
7;5;8;1;4;5;0;21;Restaurante
7;5;8;1;4;5;0;21;Parque
7;5;8;1;4;5;0;21;Museu
7;5;8;1;4;5;0;21;Jogos
7;5;8;1;4;5;0;21;Teatro
0;1;0;0;4;5;0;21;Cinema
0;3;6;4;4;5;0;21;Cinema
0;3;6;4;4;5;0;21;Shopping
0;3;6;4;4;5;0;21;Bar
0;0;6;4;4;5;0;19;OUTROS
7;1;2;7;4;5;0;29;Jogos
7;2;1;7;4;5;0;22;Cinema
7;2;1;7;4;5;0;22;Parque
7;2;1;7;4;5;0;22;Museu
7;2;1;7;4;5;0;22;Biblioteca
7;2;1;7;4;5;0;22;Jogos
4;1;8;2;4;5;0;25;Parque
4;1;2;2;4;5;0;28;Cinema
4;1;2;2;4;5;0;28;Restaurante
4;1;2;2;4;5;0;28;Parque
4;1;2;2;4;5;0;28;Shopping
6;4;6;2;4;5;0;23;Restaurante
6;4;6;2;4;5;0;23;Parque
6;4;6;2;4;5;0;23;Shopping
6;4;6;2;4;5;0;23;Jogos
6;4;6;2;4;5;0;23;Bar
4;3;7;7;4;5;0;24;Cinema
4;3;7;7;4;5;0;24;Restaurante
4;3;7;7;4;5;0;24;Parque
4;3;7;7;4;5;0;24;Shopping
4;3;7;7;4;5;0;24;Show
4;3;7;7;4;5;0;24;Teatro
4;3;7;7;4;5;0;24;Cinema
4;3;7;7;4;5;0;24;Restaurante
4;3;7;7;4;5;0;24;Parque
4;3;7;7;4;5;0;24;Shopping
4;3;7;7;4;5;0;24;Show
4;3;7;7;4;5;0;24;Teatro
0;0;4;4;4;5;0;23;Cinema
0;0;4;4;4;5;0;23;Museu
0;0;4;4;4;5;0;23;Teatro
0;0;4;4;4;5;0;23;Bar
5;0;1;0;1;5;0;21;Jogos
5;0;1;0;1;5;0;21;Jogos
5;0;1;0;1;5;0;21;Jogos
5;0;1;0;1;5;0;21;Jogos
5;0;1;0;1;5;0;21;Jogos
5;0;1;0;1;5;0;21;Jogos
7;0;1;0;1;5;0;32;Bar
4;2;3;0;1;5;0;18;Cinema
4;2;3;0;1;5;0;18;Restaurante
4;2;3;0;1;5;0;18;Shopping
4;2;3;0;1;5;0;18;Show
4;2;3;0;1;5;0;18;Museu
4;2;3;0;1;5;0;18;Estádio
4;2;3;0;1;5;0;18;Bar
0;5;5;0;1;5;0;17;Show
5;0;1;0;1;5;0;21;Jogos
5;0;1;0;1;5;0;21;Jogos
0;4;2;3;3;5;1;17;Shopping
5;0;1;0;1;5;0;21;Jogos
0;5;4;4;3;5;0;36;Restaurante
0;5;4;4;3;5;0;36;Parque
0;5;4;4;3;5;0;36;Show
0;5;4;4;3;5;0;36;Estádio
0;5;4;4;3;5;0;36;Bar
7;5;2;0;3;5;1;28;Cinema
7;5;2;0;3;5;1;28;Restaurante
7;5;2;0;3;5;1;28;Shopping
6;0;2;0;1;5;0;21;Restaurante
5;0;1;0;1;5;0;21;Jogos
4;5;0;7;1;5;0;55;Cinema
4;5;0;7;1;5;0;55;Restaurante
4;5;0;7;1;5;0;55;Parque
4;5;0;7;1;5;0;55;Shopping
4;5;0;7;1;5;0;55;Show
4;5;0;7;1;5;0;55;Museu
4;5;0;7;1;5;0;55;Biblioteca
4;5;0;7;1;5;0;55;Teatro
4;5;0;7;1;5;0;55;Bar
0;0;7;0;3;5;1;39;Estádio
7;0;8;0;1;5;0;36;Cinema
7;0;8;0;1;5;0;36;Restaurante
7;0;8;0;1;5;0;36;Parque
7;0;8;0;1;5;0;36;Shopping
7;0;8;0;1;5;0;36;Show
7;0;8;0;1;5;0;36;Museu
7;0;8;0;1;5;0;36;Estádio
7;0;8;0;1;5;0;36;Jogos
7;0;8;0;1;5;0;36;Bar
0;0;2;7;1;5;0;42;Museu
0;0;2;7;1;5;0;42;Jogos
0;5;5;7;1;5;0;30;Cinema
0;5;5;7;1;5;0;30;Restaurante
0;5;5;7;1;5;0;30;Parque
0;5;5;7;1;5;0;30;Museu
0;4;2;0;0;5;0;29;Cinema
0;4;2;0;0;5;0;29;Restaurante
0;4;2;0;0;5;0;29;Parque
1;0;4;7;0;5;0;30;Bar
0;0;6;1;3;5;0;18;Cinema
0;0;6;1;3;5;0;18;Teatro
0;0;1;0;5;5;0;22;Cinema
0;0;1;0;5;5;0;22;Museu
0;0;1;0;5;5;0;22;Jogos
4;5;1;0;5;5;0;21;Restaurante
0;0;5;0;5;5;0;28;Bar
0;0;5;0;1;5;1;60;Estádio
0;3;0;3;2;5;0;22;Cinema
0;3;0;3;2;5;0;22;Restaurante
0;3;0;3;2;5;0;22;Shopping
0;3;0;3;2;5;0;22;Jogos
7;1;1;1;1;5;0;22;OUTROS
1;1;7;3;1;6;1;21;Parque
4;1;5;7;3;6;1;44;Shopping
4;1;5;7;3;6;1;44;Shopping
7;1;7;3;1;6;0;43;Restaurante
1;0;3;2;3;4;1;41;Show
1;4;3;4;1;6;1;41;Cinema
1;4;3;4;1;6;1;41;Restaurante
1;4;3;4;1;6;1;41;Parque
1;4;3;4;1;6;1;41;Shopping
1;4;3;4;1;6;1;41;Show
1;5;7;4;1;6;1;40;Restaurante
1;1;2;7;2;4;1;39;Bar
1;0;0;2;1;6;1;39;Restaurante
1;1;7;2;4;6;0;25;Shopping
4;1;7;7;4;4;0;27;Cinema
4;1;7;7;4;4;0;27;Restaurante
4;1;7;7;4;4;0;27;Parque
4;1;7;7;4;4;0;27;Show
4;1;7;7;4;4;0;27;Teatro
4;1;7;7;4;4;0;27;OUTROS
5;1;6;4;1;6;1;28;Show
1;2;2;1;4;4;0;53;Museu
6;3;1;0;2;4;1;29;Estádio
5;4;4;0;0;3;0;28;Biblioteca
4;5;7;1;4;6;1;19;Estádio
6;1;5;4;4;6;1;25;Shopping
1;5;8;4;1;4;1;28;Museu
7;0;5;7;4;4;0;23;Cinema
7;0;5;7;4;4;0;23;Restaurante
7;0;5;7;4;4;0;23;Parque
7;0;5;7;4;4;0;23;Shopping
7;0;5;7;4;4;0;23;Jogos
7;0;5;7;4;4;0;23;Teatro
5;5;6;2;5;4;0;30;Cinema
5;5;6;2;5;4;0;30;Restaurante
5;5;6;2;5;4;0;30;Shopping
5;5;6;2;5;4;0;30;Show
5;5;6;2;5;4;0;30;Bar
7;6;8;7;5;6;0;28;OUTROS
0;5;7;7;0;6;1;57;Teatro
0;1;4;2;1;4;0;17;Cinema
0;1;4;2;1;4;0;17;Parque
0;1;4;2;1;4;0;17;Show
0;1;4;2;1;4;0;17;Museu
0;1;4;2;1;4;0;17;Biblioteca
0;1;4;2;1;4;0;17;Teatro
0;1;2;4;1;6;0;27;Bar
0;0;8;4;3;4;0;28;Bar
0;1;8;0;2;6;0;24;Cinema
0;1;8;0;2;6;0;24;Shopping
0;1;8;0;2;6;0;24;Show
0;1;8;0;2;6;0;24;Estádio
0;1;8;0;2;6;0;24;Bar
0;1;8;0;2;6;0;24;OUTROS
0;2;7;0;0;4;1;58;Shopping
0;0;4;2;4;4;0;32;Cinema
0;0;4;2;4;4;0;32;Restaurante
0;0;4;2;4;4;0;32;Shopping
0;0;4;2;4;4;0;32;Show
0;0;4;2;4;4;0;32;Teatro
0;0;4;2;4;4;0;32;Bar
0;0;1;7;5;6;0;19;Cinema
0;0;1;7;5;6;0;19;Restaurante
0;0;1;7;5;6;0;19;Parque
0;0;1;7;5;6;0;19;Jogos
0;0;1;7;5;6;0;19;Bar
0;0;8;0;0;4;0;38;Cinema
0;0;8;0;0;4;0;38;Restaurante
0;0;8;0;0;4;0;38;Parque
0;0;8;0;0;4;0;38;Show
0;0;8;0;0;4;0;38;Estádio
0;0;8;0;0;4;0;38;Jogos
0;0;8;0;0;4;0;38;Teatro
0;1;3;0;5;4;0;17;Cinema
0;1;3;0;5;4;0;17;Restaurante
0;1;3;0;5;4;0;17;Parque
0;1;3;0;5;4;0;17;Shopping
0;1;3;0;5;4;0;17;Bar
0;0;2;7;4;6;0;22;Restaurante
0;0;2;7;4;6;0;22;Parque
0;0;2;7;4;6;0;22;Jogos
0;3;2;0;4;4;0;17;Cinema
0;3;2;0;4;4;0;17;Parque
0;3;2;0;4;4;0;17;Shopping
0;3;2;0;4;4;0;17;Teatro
0;0;4;4;4;6;0;22;Restaurante
0;0;4;4;4;6;0;22;Shopping
0;0;4;4;4;6;0;22;Museu
0;0;4;4;4;6;0;22;Jogos
0;0;4;4;4;6;0;22;Bar
0;1;7;4;3;4;1;28;Bar
0;0;6;0;5;6;0;21;Bar
0;6;7;2;4;4;0;24;Restaurante
0;6;7;2;4;4;0;24;Show
0;6;7;2;4;4;0;24;Jogos
0;6;7;2;4;4;0;24;Teatro
0;6;7;2;4;4;0;24;Bar
0;6;0;7;3;3;0;29;Cinema
0;6;0;7;3;3;0;29;Parque
0;6;0;7;3;3;0;29;Show
0;6;0;7;3;3;0;29;Museu
0;6;0;7;3;3;0;29;Jogos
0;5;0;2;5;4;0;28;Restaurante
0;5;0;2;5;4;0;28;Parque
0;5;0;2;5;4;0;28;Museu
0;5;0;2;5;4;0;28;Bar
